Workbook

Sheet BPU LOT 1
D1: ACCORD CADRE MONO-ATTRIBUTAIRE PAR LOT A BONS DE COMMANDE BORDEREAU DE PRIX UNITAIRES (BPU) LOT N°01 - Missions de diagnostics réglementaires sur l’ensemble du patrimoine de OPH AUBERVILLIERS : amiante, plomb, termites, Electricité, gaz, Etats des risques de pollution.
A2: Les dispositions techniques et organisationnelles des parapgraphes 1 à 6 sont compris dans les prix unitaires indiqués ci-dessous.
A3: PLOMB
A4: DIAGNOSTIC PLOMB : CONSTAT DE RISQUE D'EXPOSITION AU PLOMB (LOGEMENT)
A6: N° | B6: § CCTP | C6: Désignation | D6: Spécificités | E6: Unité | F6: Prix au logement en fonction du type de logement
F7: Type de Logement | G7: Code article | H7: Prix unitaire en € H.T.
A9: 1 | B9: 7.1 | C9: Réalisation du Constat de Risque d’Exposition au Plomb : Logement | D9: Compris cartographie d'étendue et photographies des éléments avec une peinture présentant une concentration en plomb > 1 mg/cm² | E9: Logement | F9: Chambre | G9: KLM001 | H9: 24
F10: F1 | G10: KLM002 | H10: 25
F11: F2 | G11: KLM003 | H11: 26
F12: F3 | G12: KLM004 | H12: 27
F13: F4 et plus | G13: KLM005 | H13: 28
A15: DIAGNOSTIC PLOMB : CONSTAT DE RISQUE D'EXPOSITION AU PLOMB (PARTIE COMMUNE)
A17: N° | B17: § CCTP | C17: Désignation | D17: En | E17: Unité | F17: Prix à l'ensemble immobilier en fonction du nombre de logements
F18: Nombre de logements | G18: Code article | H18: Prix unitaire en € H.T.
A20: 2 | B20: 7.1 | C20: Réalisation du Constat de Risque d’Exposition au Plomb : Groupe immobilier parties communes | D20: Compris cartographie d'étendue et photographies des éléments avec une peinture présentant une concentration en plomb > 1 mg/cm² Compris, sous-sol, enveloppe du bâtiment, annexes et extérieurs | E20: Ensemble Immobilier par ESI | F20: Ensemble Immobilier : ≤ 20 logements | G20: KLM006 | H20: 68
F21: Ensemble Immobilier : 20 < logements ≤ 50 | G21: KLM007 | H21: 98
F22: Ensemble Immobilier : 50 < logements ≤ 150 | G22: KLM008 | H22: 138
F23: Ensemble Immobilier : 150 < logements ≤ 300 | G23: KLM009 | H23: 188
F24: Tranche de 100 logements supp | G24: KLM010 | H24: 98
A25: RAPPORT DE REPERAGE PLOMB AVANT TRAVAUX/DEMOLITION - RPAT / RPAD
A26: N° | B26: § CCTP | C26: Désignation | D26: Spécificités | E26: Unité | F26: Prix unitaire en fonction du nombre de véhicules
F27: Nombre de véhicules | G27: Code article | H27: Prix unitaire en € H.T.
A29: 3 | B29: 7.1 | C29: Réalisation du Constat de Risque d’Exposition au Plomb : Parc de Stationnement | D29: Compris cartographie d'étendue et photographies des éléments avec une peinture présentant une concentration en plomb > 1 mg/cm² | E29: Parc de stationnement | F29: Inférieur à 100 places | G29: KLM011 | H29: 98
F30: De 101 à 250 places | G30: KLM012 | H30: 148
F31: Supérieur à 251 places | G31: KLM013 | H31: 188
A33: N° | B33: § CCTP | C33: Désignation | D33: Spécificités | E33: Unité | F33: Prix unitaire en fonction de la superficie
F34: Superficie | G34: Code article | H34: Prix unitaire en € H.T.
D35: Par Bâtiment
A36: 4 | B36: 7.1 | C36: Réalisation du Constat de Risque d’Exposition au Plomb : Local technique / Commerce / ERP / Local associatif / Local administratif de l'OPH / Loge gardien / Chaufferie | D36: Compris cartographie d'étendue et photographies des éléments avec une peinture présentant une concentration en plomb > 1 mg/cm² | E36: Local | F36: Local ≤ 10 m² | G36: KLM014 | H36: 58
F37: 10 m² < local ≤ 50 m² | G37: KLM015 | H37: 68
F38: 50 m² < local ≤ 100 m² | G38: KLM016 | H38: 88
F39: 100 m² < local ≤ 500 m² | G39: KLM017 | H39: 148
F40: local > 500 m² | G40: KLM018 | H40: 200
A44: AMIANTE
A46: DIAGNOSTIC AMIANTE LOGEMENT
A48: N° | B48: § CTTP | C48: Désignation | D48: Spécificités | E48: Unité | G48: Code article | H48: Prix unitaire en € H.T.
A51: 12 | B51: 7.4 | C51: Réalisation du Diagnostic Amiante Parties Privatives (DAPP) : Logement | D51: DAPP Rapport de repérage liste A avec évaluation de l'état de conservation | E51: l'unité | G51: KLM034 | H51: 17
A53: X | B53: 7.5 | C53: Mise à jour du Diagnostic Amiante Parties Privatives (DAPP) : Logement | D53: Mise à jour du DAPP comprenant la réalisation du rapport de repérage liste A avec l'évaluation périodique de l'état de conservation | E53: l'unité | G53: X | H53: 11
A55: X | B55: 7.5 | C55: Mise à jour du Diagnostic Amiante Parties Privatives (DAPP) sur base documentaire : Logement | D55: Mise à jour du DAPP sur la base des documents founis par le MOA : Rapport de repérage avant travaux Rapport fin de travaux désamiantage ou justificatif de recouvrement/encoffrement Examens visuels et/ou mesures d'epoussièrement de l'air Etc. | E55: l'unité | G55: X | H55: 10
A57: 13 | B57: 7.4 | C57: Complément Diagnostic Amiante Parties Privatives (DAPP) en plus d'un Diagnostic Amiante Avant Travaux : Logement | D57: DAPP Rapport de repérage liste A avec évaluation de l'état de conservation | E57: L'unité : à utiliser uniquement avec l'article N° 11 | G57: KLM035 | H57: 8
A59: 14 | B59: 7.6 | C59: Réalisation d'un Diagnostic Amiante Avant Vente : Logement | D59: Rapport de repérage liste A et B | E59: l'unité | G59: KLM036 | H59: 28
A61: 11 | B61: 7.7 | C61: Réalisation d'un Diagnostic Amiante Avant Travaux : Logement | D61: Pour des petits travaux type à la relocation Rapport de repérage amiante avant travaux selon arrêté du 16/07/2019 et les attentes du CCTP | E61: l'unité | G61: KLM033 | H61: 33
A63: DOSSIER TECHNIQUE AMIANTE PARTIES COMMUNES ET LOCAUX
A65: N° | B65: § CCTP | C65: Désignation | D65: Spécificités | E65: Unité | F65: Prix à l'ensemble immobilier en fonction du nombre de logements
F66: Nombre de logements | G66: Code article | H66: Prix unitaire en € H.T.
A68: X | B68: 7.6 | C68: Réalisation d'un repérage avant vente d'un ensemble immobilier | D68: Rapport de repérage liste A et B (partie communes et parties privatives) | E68: Ensemble immobilier par ESI | F68: Ensemble Immobilier : ≤ 20 logements | G68: X | H68: 78
F69: Ensemble Immobilier : 20 < logements ≤ 50 | G69: X | H69: 98
F70: Ensemble Immobilier : 50 < logements ≤ 150 | G70: X | H70: 148
F71: Ensemble Immobilier : 150 < logements ≤ 300 | G71: X | H71: 198
F72: Tranche de 100 logements supp | G72: X | H72: 98
A74: N° | C74: Désignation | D74: Spécificités | E74: Unité | F74: Prix à l'ensemble immobilier en fonction du nombre de logements
F75: Nombre de logements | G75: Code article | H75: Prix unitaire en € H.T.
A77: 15 | B77: 7.2 | C77: Réalisation du Dossier Technique Amiante : Groupe immobilier Parties communes | D77: DTA avec intégration des données amiante si existante Rapport de repérage liste A et B ainsi qu'évaluation des l'état de conservation Fiche récapitulative Compris, sous-sol, enveloppe du bâtiment, annexes et extérieurs | E77: Ensemble immobilier par ESI | F77: Ensemble Immobilier : ≤ 20 logements | G77: KLM037 | H77: 78
F78: Ensemble Immobilier : 20 < logements ≤ 50 | G78: KLM038 | H78: 98
F79: Ensemble Immobilier : 50 < logements ≤ 150 | G79: KLM039 | H79: 148
F80: Ensemble Immobilier : 150 < logements ≤ 300 | G80: KLM040 | H80: 198
F81: Tranche de 100 logements supp | G81: KLM041 | H81: 98
A83: N° | C83: Désignation | D83: Spécificités | E83: Unité | F83: Prix unitaire en fonction du nombre de véhicules
F84: Nombre de véhicules | G84: Code article | H84: Prix unitaire en € H.T.
A86: 16 | B86: 7.2 | C86: Réalisation du Dossier Technique Amiante : Parc de stationnement | D86: DTA avec intégreation des données amiante si existante Rapport de repérage liste A et B ainsi qu'évaluation des l'état de conservation Fiche récapitulative | E86: Parc de stationnement | F86: Inférieur à 100 places | G86: KLM042 | H86: 98
F87: De 101 à 250 places | G87: KLM043 | H87: 178
F88: Supérieur à 251 places | G88: KLM044 | H88: 258
A90: N° | C90: Désignation | D90: Spécificités | E90: Unité | F90: Prix unitaire en fonction de la superficie
F91: Superficie | G91: Code article | H91: Prix unitaire en € H.T.
A93: 17 | B93: 7.2 | C93: Réalisation du Dossier Technique Amiante : Local technique / Commerce / ERP / Local associatif / Local administratif de l'OPH / Loge gardien / Chaufferie si indépendante | D93: DTA avec intégreation des données amiante si existante Rapport de repérage liste A et B ainsi qu'évaluation des l'état de conservation Fiche récapitulative | E93: Local | F93: Local ≤ 10 m² | G93: KLM045 | H93: 48
F94: 10 m² < local ≤ 50 m² | G94: KLM046 | H94: 78
F95: 50 m² < local ≤ 100 m² | G95: KLM047 | H95: 98
F96: 100 m² < local ≤ 500 m² | G96: KLM048 | H96: 158
F97: Local > 500 m² | G97: KLM049 | H97: 198
A100: 25 | C100: Mise à jour d'un DTA : Parc de stationnement | D100: Mise à jour du DTA et la fiche récapitulative, compris rapport de repérage liste A et B comprenant l'évaluation périodique de l'état de conservation des matériaux des listes A et B | E100: Parc de stationnement | F100: Inférieur à 100 places | G100: KLM071 | H100: 48
F101: De 101 à 250 places | G101: KLM072 | H101: 68
F102: Supérieur à 251 places | G102: KLM073 | H102: 118
B103: 8.11
A104: N° | C104: Désignation | E104: Unité | F104: Prix unitaire en fonction de la superficie
F105: Superficie | G105: Code article | H105: Prix unitaire en € H.T.
A107: 26 | B107: 8.13 | C107: Mise à jour d'un DTA : Local technique / Commerce / ERP / Local associatif / Local administratif de l'OPH / Loge gardien / Chaufferie | D107: Mise à jour du DTA et la fiche récapitulative, compris rapport de repérage liste A et B comprenant l'évaluation périodique de l'état de conservation des matériaux des listes A et B | E107: - | F107: Local ≤ 10 m² | G107: KLM074 | H107: 48
F108: 10 m² < local ≤ 50 m² | G108: KLM075 | H108: 58
F109: 10 m² < local ≤ 50 m² | G109: KLM075 | H109: 59
F110: 50 m² < local ≤ 100 m² | G110: KLM076 | H110: 68
F111: 100 m² < local ≤ 500 m² | G111: KLM077 | H111: 98
F112: Local > 500 m² | G112: KLM078 | H112: 138
A114: N° | C114: Désignation | E114: Unité | G114: Code article | H114: Prix unitaire en € H.T.
A116: X | B116: 7.3 | C116: Mise à jour du DTA sur base documentaire | D116: Mise à jour du DTA sur la base des documents founis par le MOA : Rapport de repérage avant travaux Rapport fin de travaux désamiantage ou justificatif de recouvrement/encoffrement Examens visuels et/ou mesures d'epoussièrement de l'air Etc. | E116: l'unité | G116: KLMXX | H116: 60
A118: ANALYSES ET MESURES AMIANTE ET PLOMB
A120: N° | C120: Désignation | E120: Unité | F120: Prix unitaire en fonction du nombre commandé
B121: §CCTP | F121: Nombre d'unités | G121: Code article | H121: Prix unitaire en € H.T.
A123: 9 | B123: 4 | C123: Prélèvement et analyse de la concentration acido-basique en plomb | D123: - | E123: l'échantillon | F123: de 1 à 5 | G123: KLM027 | H123: 35
F124: de 6 à 10 | G124: KLM028 | H124: 33
F125: plus de 10 | G125: KLM029 | H125: 30
A126: 27 | B126: 4 | C126: Analyse de prélèvement matériau en Microscopie Optique à Lumière Polarisée (MOLP) | D126: - | E126: l'unité | F126: de 1 à 10 | G126: KLM079 | H126: 14
F127: de 11 à 100 | G127: KLM080 | H127: 13
F128: Plus de 100 | G128: KLM081 | H128: 12
A129: 28 | B129: 4 | C129: Analyse de prélèvement matériau en Microscopie Electronique à Transmission (MET). | D129: compris dissociation | E129: l'unité | F129: de 1 à 10 | G129: KLM082 | H129: 23
F130: de 11 à 100 | G130: KLM083 | H130: 22
F131: Plus de 100 | G131: KLM084 | H131: 21
A134: ÉTAT RELATIF À LA PRÉSENCE DE TERMITES
A136: DIAGNOSTIC TERMITES
A138: N° | C138: Désignation | E138: Unité | G138: Code article | H138: Prix unitaire en € H.T.
A140: 36 | B140: 7.8 | C140: Réalisation d'un État Relatif à la Présence de Termites : Logement | E140: l'unité | G140: KLM092 | H140: 38
A142: N° | C142: Désignation | E142: Unité | F142: Prix par bâtiment en fonction du nombre de logements
...

Sheet DQE LOT 1
D1: ACCORD CADRE MONO-ATTRIBUTAIRE PAR LOT A BONS DE COMMANDE DETAIL QUANTITATIF ESTIMATIF (DQE) LOT N°01 - Missions de diagnostics réglementaires sur l’ensemble du patrimoine de OPH AUBERVILLIERS : amiante, plomb, termites, Electricité, gaz, Etats des risques de pollution.
A2: Les dispositions techniques et organisationnelles des parapgraphes 1 à 6 sont compris dans les prix unitaires indiqués ci-dessous.
A3: PLOMB
A4: DIAGNOSTIC PLOMB : CONSTAT DE RISQUE D'EXPOSITION AU PLOMB (LOGEMENT)
A6: N° | B6: § CCTP | C6: Désignation | D6: Spécificités | E6: Unité | F6: Prix au logement en fonction du type de logement
F7: Type de Logement | G7: Code article | H7: Prix unitaire en € H.T. | I7: QTÉ annuelle estimative | J7: TOTAL € H.T.
A9: 1 | B9: 7.1 | C9: Réalisation du Constat de Risque d’Exposition au Plomb : Logement | D9: Compris cartographie d'étendue et photographies des éléments avec une peinture présentant une concentration en plomb > 1 mg/cm² | E9: Logement | F9: Chambre | G9: KLM001 | H9: ='BPU LOT 1'!H9 -> 24 | I9: 60 | J9: =I9*H9 -> 1440
F10: F1 | G10: KLM002 | H10: ='BPU LOT 1'!H10 -> 25 | I10: 100 | J10: =I10*H10 -> 2500
F11: F2 | G11: KLM003 | H11: ='BPU LOT 1'!H11 -> 26 | I11: 160 | J11: =I11*H11 -> 4160
F12: F3 | G12: KLM004 | H12: ='BPU LOT 1'!H12 -> 27 | I12: 200 | J12: =I12*H12 -> 5400
F13: F4 et plus | G13: KLM005 | H13: ='BPU LOT 1'!H13 -> 28 | I13: 150 | J13: =I13*H13 -> 4200
A15: DIAGNOSTIC PLOMB : CONSTAT DE RISQUE D'EXPOSITION AU PLOMB (PARTIE COMMUNE)
A17: N° | B17: § CCTP | C17: Désignation | D17: En | E17: Unité | F17: Prix à l'ensemble immobilier en fonction du nombre de logements
F18: Nombre de logements | G18: Code article | H18: Prix unitaire en € H.T. | I18: QTÉ annuelle estimative | J18: TOTAL € H.T.
A20: 2 | B20: 7.1 | C20: Réalisation du Constat de Risque d’Exposition au Plomb : Groupe immobilier parties communes | D20: Compris cartographie d'étendue et photographies des éléments avec une peinture présentant une concentration en plomb > 1 mg/cm² Compris, sous-sol, enveloppe du bâtiment, annexes et extérieurs | E20: Ensemble Immobilier par ESI | F20: Ensemble Immobilier : ≤ 20 logements | G20: KLM006 | H20: ='BPU LOT 1'!H20 -> 68 | I20: 5 | J20: =I20*H20 -> 340
F21: Ensemble Immobilier : 20 < logements ≤ 50 | G21: KLM007 | H21: ='BPU LOT 1'!H21 -> 98 | I21: 25 | J21: =I21*H21 -> 2450
F22: Ensemble Immobilier : 50 < logements ≤ 150 | G22: KLM008 | H22: ='BPU LOT 1'!H22 -> 138 | I22: 10 | J22: =I22*H22 -> 1380
F23: Ensemble Immobilier : 150 < logements ≤ 300 | G23: KLM009 | H23: ='BPU LOT 1'!H23 -> 188 | I23: 10 | J23: =I23*H23 -> 1880
F24: Tranche de 100 logements supp | G24: KLM010 | H24: ='BPU LOT 1'!H24 -> 98 | I24: 5 | J24: =I24*H24 -> 490
A25: RAPPORT DE REPERAGE PLOMB AVANT TRAVAUX/DEMOLITION - RPAT / RPAD
A26: N° | B26: § CCTP | C26: Désignation | D26: Spécificités | E26: Unité | F26: Prix unitaire en fonction du nombre de véhicules
F27: Nombre de véhicules | G27: Code article | H27: Prix unitaire en € H.T. | I27: QTÉ annuelle estimative | J27: TOTAL € H.T.
A29: 3 | B29: 7.1 | C29: Réalisation du Constat de Risque d’Exposition au Plomb : Parc de Stationnement | D29: Compris cartographie d'étendue et photographies des éléments avec une peinture présentant une concentration en plomb > 1 mg/cm² | E29: Parc de stationnement | F29: Inférieur à 100 places | G29: KLM011 | H29: ='BPU LOT 1'!H29 -> 98 | I29: 10 | J29: =I29*H29 -> 980
F30: De 101 à 250 places | G30: KLM012 | H30: ='BPU LOT 1'!H30 -> 148 | I30: 5 | J30: =I30*H30 -> 740
F31: Supérieur à 251 places | G31: KLM013 | H31: ='BPU LOT 1'!H31 -> 188 | I31: 5 | J31: =I31*H31 -> 940
A33: N° | B33: § CCTP | C33: Désignation | D33: Spécificités | E33: Unité | F33: Prix unitaire en fonction de la superficie
F34: Superficie | G34: Code article | H34: Prix unitaire en € H.T. | I34: QTÉ annuelle estimative | J34: TOTAL € H.T.
D35: Par Bâtiment
A36: 4 | B36: 7.1 | C36: Réalisation du Constat de Risque d’Exposition au Plomb : Local technique / Commerce / ERP / Local associatif / Local administratif de l'OPH / Loge gardien / Chaufferie | D36: Compris cartographie d'étendue et photographies des éléments avec une peinture présentant une concentration en plomb > 1 mg/cm² | E36: Local | F36: Local ≤ 10 m² | G36: KLM014 | H36: ='BPU LOT 1'!H36 -> 58 | I36: 5 | J36: =I36*H36 -> 290
F37: 10 m² < local ≤ 50 m² | G37: KLM015 | H37: ='BPU LOT 1'!H37 -> 68 | I37: 5 | J37: =I37*H37 -> 340
F38: 50 m² < local ≤ 100 m² | G38: KLM016 | H38: ='BPU LOT 1'!H38 -> 88 | I38: 10 | J38: =I38*H38 -> 880
F39: 100 m² < local ≤ 500 m² | G39: KLM017 | H39: ='BPU LOT 1'!H39 -> 148 | I39: 4 | J39: =I39*H39 -> 592
F40: local > 500 m² | G40: KLM018 | H40: ='BPU LOT 1'!H40 -> 200 | I40: 5 | J40: =I40*H40 -> 1000
A44: AMIANTE
A46: DIAGNOSTIC AMIANTE LOGEMENT
A48: N° | B48: § CTTP | C48: Désignation | D48: Spécificités | E48: Unité | G48: Code article | H48: Prix unitaire en € H.T. | I48: QTÉ annuelle estimative | J48: TOTAL € H.T.
A51: 12 | B51: 7.4 | C51: Réalisation du Diagnostic Amiante Parties Privatives (DAPP) : Logement | D51: DAPP Rapport de repérage liste A avec évaluation de l'état de conservation | E51: l'unité | G51: KLM034 | H51: ='BPU LOT 1'!H51 -> 17 | I51: 100 | J51: =I51*H51 -> 1700
A53: X | B53: 7.5 | C53: Mise à jour du Diagnostic Amiante Parties Privatives (DAPP) : Logement | D53: Mise à jour du DAPP comprenant la réalisation du rapport de repérage liste A avec l'évaluation périodique de l'état de conservation | E53: l'unité | G53: X | H53: ='BPU LOT 1'!H53 -> 11 | I53: 100 | J53: =I53*H53 -> 1100
A55: X | B55: 7.5 | C55: Mise à jour du Diagnostic Amiante Parties Privatives (DAPP) sur base documentaire : Logement | D55: Mise à jour du DAPP sur la base des documents founis par le MOA : Rapport de repérage avant travaux Rapport fin de travaux désamiantage ou justificatif de recouvrement/encoffrement Examens visuels et/ou mesures d'epoussièrement de l'air Etc. | E55: l'unité | G55: X | H55: ='BPU LOT 1'!H55 -> 10 | I55: 50 | J55: =I55*H55 -> 500
A57: 13 | B57: 7.4 | C57: Complément Diagnostic Amiante Parties Privatives (DAPP) en plus d'un Diagnostic Amiante Avant Travaux : Logement | D57: DAPP Rapport de repérage liste A avec évaluation de l'état de conservation | E57: L'unité : à utiliser uniquement avec l'article N° 11 | G57: KLM035 | H57: ='BPU LOT 1'!H57 -> 8 | I57: 100 | J57: =I57*H57 -> 800
A59: 14 | B59: 7.6 | C59: Réalisation d'un Diagnostic Amiante Avant Vente : Logement | D59: Rapport de repérage liste A et B | E59: l'unité | G59: KLM036 | H59: ='BPU LOT 1'!H59 -> 28 | I59: 15 | J59: =I59*H59 -> 420
A61: 11 | B61: 7.7 | C61: Réalisation d'un Diagnostic Amiante Avant Travaux : Logement | D61: Pour des petits travaux type à la relocation Rapport de repérage amiante avant travaux selon arrêté du 16/07/2019 et les attentes du CCTP | E61: l'unité | G61: KLM033 | H61: ='BPU LOT 1'!H61 -> 33
A63: DOSSIER TECHNIQUE AMIANTE PARTIES COMMUNES ET LOCAUX
A65: N° | B65: § CCTP | C65: Désignation | D65: Spécificités | E65: Unité | F65: Prix à l'ensemble immobilier en fonction du nombre de logements
F66: Nombre de logements | G66: Code article | H66: Prix unitaire en € H.T. | I66: QTÉ annuelle estimative | J66: TOTAL € H.T.
A68: X | B68: 7.6 | C68: Réalisation d'un repérage avant vente d'un ensemble immobilier | D68: Rapport de repérage liste A et B (partie communes et parties privatives) | E68: Ensemble immobilier par ESI | F68: Ensemble Immobilier : ≤ 20 logements | G68: X | H68: ='BPU LOT 1'!H68 -> 78 | I68: 2 | J68: =I68*H68 -> 156
F69: Ensemble Immobilier : 20 < logements ≤ 50 | G69: X | H69: ='BPU LOT 1'!H69 -> 98 | I69: 2 | J69: =I69*H69 -> 196
F70: Ensemble Immobilier : 50 < logements ≤ 150 | G70: X | H70: ='BPU LOT 1'!H70 -> 148 | I70: 2 | J70: =I70*H70 -> 296
F71: Ensemble Immobilier : 150 < logements ≤ 300 | G71: X | H71: ='BPU LOT 1'!H71 -> 198 | I71: 2 | J71: =I71*H71 -> 396
F72: Tranche de 100 logements supp | G72: X | H72: ='BPU LOT 1'!H72 -> 98 | I72: 2 | J72: =I72*H72 -> 196
A74: N° | C74: Désignation | D74: Spécificités | E74: Unité | F74: Prix à l'ensemble immobilier en fonction du nombre de logements
F75: Nombre de logements | G75: Code article | H75: Prix unitaire en € H.T. | I75: QTÉ estimative | J75: TOTAL € H.T.
A77: 15 | B77: 7.2 | C77: Réalisation du Dossier Technique Amiante : Groupe immobilier Parties communes | D77: DTA avec intégration des données amiante si existante Rapport de repérage liste A et B ainsi qu'évaluation des l'état de conservation Fiche récapitulative Compris, sous-sol, enveloppe du bâtiment, annexes et extérieurs | E77: Ensemble immobilier par ESI | F77: Ensemble Immobilier : ≤ 20 logements | G77: KLM037 | H77: ='BPU LOT 1'!H77 -> 78 | I77: 10 | J77: =I77*H77 -> 780
F78: Ensemble Immobilier : 20 < logements ≤ 50 | G78: KLM038 | H78: ='BPU LOT 1'!H78 -> 98 | I78: 5 | J78: =I78*H78 -> 490
F79: Ensemble Immobilier : 50 < logements ≤ 150 | G79: KLM039 | H79: ='BPU LOT 1'!H79 -> 148 | I79: 10 | J79: =I79*H79 -> 1480
F80: Ensemble Immobilier : 150 < logements ≤ 300 | G80: KLM040 | H80: ='BPU LOT 1'!H80 -> 198 | I80: 10 | J80: =I80*H80 -> 1980
F81: Tranche de 100 logements supp | G81: KLM041 | H81: ='BPU LOT 1'!H81 -> 98 | I81: 10 | J81: =I81*H81 -> 980
A83: N° | C83: Désignation | D83: Spécificités | E83: Unité | F83: Prix unitaire en fonction du nombre de véhicules
F84: Nombre de véhicules | G84: Code article | H84: Prix unitaire en € H.T. | I84: QTÉ estimative | J84: TOTAL € H.T.
A86: 16 | B86: 7.2 | C86: Réalisation du Dossier Technique Amiante : Parc de stationnement | D86: DTA avec intégreation des données amiante si existante Rapport de repérage liste A et B ainsi qu'évaluation des l'état de conservation Fiche récapitulative | E86: Parc de stationnement | F86: Inférieur à 100 places | G86: KLM042 | H86: ='BPU LOT 1'!H86 -> 98 | I86: 10 | J86: =I86*H86 -> 980
F87: De 101 à 250 places | G87: KLM043 | H87: ='BPU LOT 1'!H87 -> 178 | I87: 10 | J87: =I87*H87 -> 1780
F88: Supérieur à 251 places | G88: KLM044 | H88: ='BPU LOT 1'!H88 -> 258 | I88: 10 | J88: =I88*H88 -> 2580
A90: N° | C90: Désignation | D90: Spécificités | E90: Unité | F90: Prix unitaire en fonction de la superficie
F91: Superficie | G91: Code article | H91: Prix unitaire en € H.T. | I91: QTÉ estimative | J91: TOTAL € H.T.
A93: 17 | B93: 7.2 | C93: Réalisation du Dossier Technique Amiante : Local technique / Commerce / ERP / Local associatif / Local administratif de l'OPH / Loge gardien / Chaufferie si indépendante | D93: DTA avec intégreation des données amiante si existante Rapport de repérage liste A et B ainsi qu'évaluation des l'état de conservation Fiche récapitulative | E93: Local | F93: Local ≤ 10 m² | G93: KLM045 | H93: ='BPU LOT 1'!H93 -> 48 | I93: 5 | J93: =I93*H93 -> 240
F94: 10 m² < local ≤ 50 m² | G94: KLM046 | H94: ='BPU LOT 1'!H94 -> 78 | I94: 10 | J94: =I94*H94 -> 780
F95: 50 m² < local ≤ 100 m² | G95: KLM047 | H95: ='BPU LOT 1'!H95 -> 98 | I95: 15 | J95: =I95*H95 -> 1470
F96: 100 m² < local ≤ 500 m² | G96: KLM048 | H96: ='BPU LOT 1'!H96 -> 158 | I96: 5 | J96: =I96*H96 -> 790
F97: Local > 500 m² | G97: KLM049 | H97: ='BPU LOT 1'!H97 -> 198 | I97: 2 | J97: =I97*H97 -> 396
A100: 25 | B100: 7.3 | C100: Mise à jour d'un DTA : Parc de stationnement | D100: Mise à jour du DTA et la fiche récapitulative, compris rapport de repérage liste A et B comprenant l'évaluation périodique de l'état de conservation des matériaux des listes A et B | E100: Parc de stationnement | F100: Inférieur à 100 places | G100: KLM071 | H100: ='BPU LOT 1'!H100 -> 48
F101: De 101 à 250 places | G101: KLM072 | H101: ='BPU LOT 1'!H101 -> 68
F102: Supérieur à 251 places | G102: KLM073 | H102: ='BPU LOT 1'!H102 -> 118
A104: N° | C104: Désignation | E104: Unité | F104: Prix unitaire en fonction de la superficie
F105: Superficie | G105: Code article | H105: Prix unitaire en € H.T. | I105: QTÉ estimative | J105: TOTAL € H.T.
A107: 26 | B107: 7.3 | C107: Mise à jour d'un DTA : Local technique / Commerce / ERP / Local associatif / Local administratif de l'OPH / Loge gardien / Chaufferie | D107: Mise à jour du DTA et la fiche récapitulative, compris visite et rapport de repérage liste A et B comprenant l'évaluation périodique de l'état de conservation des matériaux des listes A et B | E107: - | F107: Local ≤ 10 m² | G107: KLM074 | H107: ='BPU LOT 1'!H107 -> 48 | I107: 5 | J107: =I107*H107 -> 240
F108: 10 m² < local ≤ 50 m² | G108: KLM075 | H108: ='BPU LOT 1'!H108 -> 58 | I108: 5 | J108: =I108*H108 -> 290
F109: 10 m² < local ≤ 50 m² | G109: KLM075 | H109: ='BPU LOT 1'!H109 -> 59 | I109: 5 | J109: =I109*H109 -> 295
F110: 50 m² < local ≤ 100 m² | G110: KLM076 | H110: ='BPU LOT 1'!H110 -> 68 | I110: 5 | J110: =I110*H110 -> 340
F111: 100 m² < local ≤ 500 m² | G111: KLM077 | H111: ='BPU LOT 1'!H111 -> 98 | I111: 5 | J111: =I111*H111 -> 490
F112: Local > 500 m² | G112: KLM078 | H112: ='BPU LOT 1'!H112 -> 138 | I112: 5 | J112: =I112*H112 -> 690
A114: N° | C114: Désignation | E114: Unité | G114: Code article | H114: Prix unitaire en € H.T. | I114: QTÉ estimative | J114: TOTAL € H.T.
A116: X | B116: 7.3 | C116: Mise à jour du DTA sur base documentaire | D116: Mise à jour du DTA sur la base des documents founis par le MOA : Rapport de repérage avant travaux Rapport fin de travaux désamiantage ou justificatif de recouvrement/encoffrement Examens visuels et/ou mesures d'epoussièrement de l'air Etc. | E116: unité par bâtiment | G116: KLMXX | H116: ='BPU LOT 1'!H116 -> 60 | I116: 60 | J116: =I116*H116 -> 3600
A118: ANALYSES ET MESURES AMIANTE ET PLOMB
A120: N° | C120: Désignation | E120: Unité | F120: Prix unitaire en fonction du nombre commandé
B121: §CCTP | F121: Nombre d'unités | G121: Code article | H121: Prix unitaire en € H.T. | I121: QTÉ estimative | J121: TOTAL € H.T.
A123: 9 | B123: 4 | C123: Prélèvement et analyse de la concentration acido-basique en plomb | D123: - | E123: l'échantillon | F123: de 1 à 5 | G123: KLM027 | H123: ='BPU LOT 1'!H123 -> 35 | I123: 50 | J123: =I123*H123 -> 1750
F124: de 6 à 10 | G124: KLM028 | H124: ='BPU LOT 1'!H124 -> 33 | I124: 100 | J124: =I124*H124 -> 3300
F125: plus de 10 | G125: KLM029 | H125: ='BPU LOT 1'!H125 -> 30 | I125: 50 | J125: =I125*H125 -> 1500
A126: 27 | B126: 4 | C126: Analyse de prélèvement matériau en Microscopie Optique à Lumière Polarisée (MOLP) | D126: - | E126: l'unité | F126: de 1 à 10 | G126: KLM079 | H126: ='BPU LOT 1'!H126 -> 14 | I126: 100 | J126: =I126*H126 -> 1400
F127: de 11 à 100 | G127: KLM080 | H127: ='BPU LOT 1'!H127 -> 13 | I127: 100 | J127: =I127*H127 -> 1300
F128: Plus de 100 | G128: KLM081 | H128: ='BPU LOT 1'!H128 -> 12 | I128: 100 | J128: =I128*H128 -> 1200
A129: 28 | B129: 4 | C129: Analyse de prélèvement matériau en Microscopie Electronique à Transmission (MET). | D129: compris dissociation | E129: l'unité | F129: de 1 à 10 | G129: KLM082 | H129: ='BPU LOT 1'!H129 -> 23 | I129: 400 | J129: =I129*H129 -> 9200
F130: de 11 à 100 | G130: KLM083 | H130: ='BPU LOT 1'!H130 -> 22 | I130: 750 | J130: =I130*H130 -> 16500
F131: Plus de 100 | G131: KLM084 | H131: ='BPU LOT 1'!H131 -> 21 | I131: 200 | J131: =I131*H131 -> 4200
A134: ÉTAT RELATIF À LA PRÉSENCE DE TERMITES
A136: DIAGNOSTIC TERMITES
A138: N° | C138: Désignation | E138: Unité | G138: Code article | H138: Prix unitaire en € H.T. | I138: QTÉ estimative | J138: TOTAL € H.T.
A140: 36 | B140: 7.8 | C140: Réalisation d'un État Relatif à la Présence de Termites : Logement | E140: l'unité | G140: KLM092 | H140: ='BPU LOT 1'!H140 -> 38 | I140: 50 | J140: =I140*H140 -> 1900
A142: N° | C142: Désignation | E142: Unité | F142: Prix par bâtiment en fonction du nombre de logements
F143: Nombre de logements par bâtiment | G143: Code article | H143: Prix unitaire en € H.T. | I143: QTÉ estimative | J143: TOTAL € H.T.
...
